{"cameraMode":{"drawMode":0,"name":"Shaded","section":"Shading Mode"},"sceneLighting":true,"audioPlay":false,"sceneViewState":{"m_AlwaysRefresh":true,"showFog":true,"showSkybox":true,"showFlares":true,"showImageEffects":true,"showParticleSystems":true,"showVisualEffectGraphs":true,"m_FxEnabled":true},"in2DMode":false,"pivot":{"x":-7.030500411987305,"y":2.0399999618530275,"z":-76.43009948730469},"rotation":{"x":0.026234351098537446,"y":0.9514817595481873,"z":-0.2946508228778839,"w":0.08471525460481644},"size":24.217987060546876,"orthographic":false}