{"cameraMode":{"drawMode":0,"name":"Shaded","section":"Shading Mode"},"sceneLighting":true,"audioPlay":false,"sceneViewState":{"m_AlwaysRefresh":true,"showFog":true,"showSkybox":true,"showFlares":true,"showImageEffects":true,"showParticleSystems":true,"showVisualEffectGraphs":true,"m_FxEnabled":true},"in2DMode":false,"pivot":{"x":18.282026290893556,"y":30.672725677490236,"z":-10.247662544250489},"rotation":{"x":-0.593023419380188,"y":-0.001934802276082337,"z":0.0014248014194890857,"w":-0.8051835298538208},"size":18.555797576904298,"orthographic":false}